,Team ID,Week,Matchup_ID,Home/Away,Total pts,QB,RB1,RB2,WR1,WR2,TE,RB/WR/TE,D/ST,HC
 JNCO JEAN GENIE ,3,1,0,Home,78.02,"['Deshaun Watson', 'QB', 20.82]","['Melvin Gordon III', 'RB', 14.1]","['Mark Ingram II', 'RB', 2.9]","['Chris Godwin', 'WR', 10.9]","['Terry McLaurin', 'WR', 8.6]","['Evan Engram', 'TE', 1.9]","['Cam Akers', 'RB/WR/TE', 4.8]","['Rams D/ST', 'D/ST', 4.0]","['Ravens Coach', 'HC', 10.0]"
Landslide lets  Russell Cook ,4,1,0,Away,110.28,"['Russell Wilson', 'QB', 31.78]","['Christian McCaffrey', 'RB', 27.0]","['Nick Chubb', 'RB', 5.1]","['DK Metcalf', 'WR', 17.5]","['Will Fuller V', 'WR', 15.2]","['Rob Gronkowski', 'TE', 2.1]","['Jerry Jeudy', 'RB/WR/TE', 7.6]","['49ers D/ST', 'D/ST', 4.0]","['Eagles Coach', 'HC', 0.0]"
Big Maliggy Style,2,1,1,Home,95.1,"['Lamar Jackson', 'QB', 27.5]","['Todd Gurley II', 'RB', 12.7]","['Devin Singletary', 'RB', 7.8]","['Robert Woods', 'WR', 14.9]","['Stefon Diggs', 'WR', 12.6]","['George Kittle', 'TE', 7.3]","['Zach Ertz', 'RB/WR/TE', 9.3]","['Buccaneers D/ST', 'D/ST', 3.0]","['Buccaneers Coach', 'HC', 0.0]"
Sausage Brainᴿᴰ,7,1,1,Away,80.8,"['Jared Goff', 'QB', 10.5]","['Kenyan Drake', 'RB', 13.5]","['Derrick Henry', 'RB', 14.6]","['A.J. Brown', 'WR', 6.4]","['DJ Chark Jr.', 'WR', 10.0]","['Blake Jarwin', 'TE', 1.7]","['Raheem Mostert', 'RB/WR/TE', 23.1]","['Vikings D/ST', 'D/ST', 0.0]","['Titans Coach', 'HC', 1.0]"
INTERGALACTIC SEX-MEN ᴿᴰ,10,1,2,Home,94.8,"['Cam Newton', 'QB', 25.7]","['Joe Mixon', 'RB', 5.6]","['Zack Moss', 'RB', 10.2]","['Odell Beckham Jr.', 'WR', 3.7]","['Allen Robinson II', 'WR', 9.8]","['Noah Fant', 'TE', 16.6]","['Tyler Lockett', 'RB/WR/TE', 13.2]","['Bills D/ST', 'D/ST', 10.0]","['Colts Coach', 'HC', 0.0]"
Thigpen's Awakening ᴿᴰ,8,1,2,Away,162.1,"['Kyler Murray', 'QB', 26.3]","['Josh Jacobs', 'RB', 33.9]","['Kareem Hunt', 'RB', 10.1]","['JuJu Smith-Schuster', 'WR', 21.9]","['Calvin Ridley', 'WR', 29.4]","['Hayden Hurst', 'TE', 5.3]","['Ezekiel Elliott', 'RB/WR/TE', 26.2]","['Eagles D/ST', 'D/ST', 5.0]","['Steelers Coach', 'HC', 4.0]"
RIGGED PLAYOFFS!!,1,1,3,Home,93.96,"['Ben Roethlisberger', 'QB', 22.06]","['Leonard Fournette', 'RB', 2.4]","['Jonathan Taylor', 'RB', 11.9]","['Michael Thomas', 'WR', 3.2]","['Amari Cooper', 'WR', 13.1]","['T.J. Hockenson', 'TE', 14.1]","['Julio Jones', 'RB/WR/TE', 20.2]","['Cowboys D/ST', 'D/ST', 3.0]","['Seahawks Coach', 'HC', 4.0]"
Dumpster Juice,12,1,3,Away,80.66,"['Tom Brady', 'QB', 20.46]","['Saquon Barkley', 'RB', 9.6]","['David Johnson', 'RB', 18.4]","['Courtland Sutton', 'WR', 0.0]","['Mike Evans', 'WR', 6.7]","['Tyler Higbee', 'TE', 5.5]","['Cooper Kupp', 'RB/WR/TE', 6.0]","['Steelers D/ST', 'D/ST', 10.0]","['Patriots Coach', 'HC', 4.0]"
Tub Girl's Tub Scrubbers,5,1,4,Home,104.4,"['Matt Ryan', 'QB', 23.9]","['Dalvin Cook', 'RB', 21.3]","['Austin Ekeler', 'RB', 9.2]","['DeAndre Hopkins', 'WR', 22.1]","['Diontae Johnson', 'WR', 6.7]","['Darren Waller', 'TE', 7.5]","['Sterling Shepard', 'RB/WR/TE', 7.7]","['Colts D/ST', 'D/ST', 6.0]","['Cowboys Coach', 'HC', 0.0]"
The Brussell Wilson Sprouts,11,1,4,Away,94.74,"['Patrick Mahomes', 'QB', 20.44]","['Chris Carson', 'RB', 21.6]","['James Conner', 'RB', 2.7]","['Tyreek Hill', 'WR', 13.1]","['DeSean Jackson', 'WR', 5.6]","['Travis Kelce', 'TE', 14.0]","['Tyler Boyd', 'RB/WR/TE', 5.3]","['Patriots D/ST', 'D/ST', 12.0]","['49ers Coach', 'HC', 0.0]"
Inhumane Texan Koch’n,9,1,5,Home,155.08,"['Josh Allen', 'QB', 28.18]","['Alvin Kamara', 'RB', 21.2]","['Clyde Edwards-Helaire', 'RB', 19.8]","['Davante Adams', 'WR', 34.6]","['Anthony Miller', 'WR', 15.6]","['Dallas Goedert', 'TE', 20.1]","[""Le'Veon Bell"", 'RB/WR/TE', 5.6]","['Chiefs D/ST', 'D/ST', 6.0]","['Bills Coach', 'HC', 4.0]"
Attorney Generals,6,1,5,Away,124.34,"['Dak Prescott', 'QB', 17.64]","['Aaron Jones', 'RB', 15.6]","['Marlon Mack', 'RB', 7.1]","['Adam Thielen', 'WR', 28.0]","['DJ Moore', 'WR', 7.4]","['Mark Andrews', 'TE', 20.3]","['T.Y. Hilton', 'RB/WR/TE', 7.3]","['Saints D/ST', 'D/ST', 17.0]","['Chiefs Coach', 'HC', 4.0]"
Sausage Brainᴿᴰ,7,2,0,Home,91.36,"['Ryan Tannehill', 'QB', 26.76]","['Kenyan Drake', 'RB', 10.5]","['Derrick Henry', 'RB', 8.4]","['DJ Chark Jr.', 'WR', 10.4]","['Marvin Jones Jr.', 'WR', 10.3]","['Jimmy Graham', 'TE', 2.3]","['Raheem Mostert', 'RB/WR/TE', 17.7]","['Vikings D/ST', 'D/ST', 4.0]","['Titans Coach', 'HC', 1.0]"
Dumpster Juice,12,2,0,Away,82.28,"['Tom Brady', 'QB', 8.68]","['Saquon Barkley', 'RB', 2.8]","['David Johnson', 'RB', 6.0]","['Courtland Sutton', 'WR', 8.1]","['Mike Evans', 'WR', 19.9]","['Hunter Henry', 'TE', 11.3]","['Cooper Kupp', 'RB/WR/TE', 10.5]","['Steelers D/ST', 'D/ST', 15.0]","['Patriots Coach', 'HC', 0.0]"
INTERGALACTIC SEX-MEN ᴿᴰ,10,2,1,Home,126.88,"['Cam Newton', 'QB', 34.58]","['Joe Mixon', 'RB', 10.6]","['Miles Sanders', 'RB', 18.6]","['Odell Beckham Jr.', 'WR', 15.4]","['Allen Robinson II', 'WR', 4.8]","['Noah Fant', 'TE', 15.7]","['Tyler Lockett', 'RB/WR/TE', 16.2]","['Bills D/ST', 'D/ST', 3.0]","['Packers Coach', 'HC', 8.0]"
Landslide lets  Russell Cook ,4,2,1,Away,115.92,"['Russell Wilson', 'QB', 33.42]","['Christian McCaffrey', 'RB', 22.8]","['Nick Chubb', 'RB', 25.8]","['DK Metcalf', 'WR', 17.2]","['Will Fuller V', 'WR', 0.0]","['Rob Gronkowski', 'TE', 0.0]","['Malcolm Brown', 'RB/WR/TE', 4.7]","['49ers D/ST', 'D/ST', 6.0]","['Cardinals Coach', 'HC', 6.0]"
RIGGED PLAYOFFS!!,1,2,2,Home,80.24,"['Ben Roethlisberger', 'QB', 18.24]","['Jonathan Taylor', 'RB', 18.0]","['Ronald Jones II', 'RB', 9.7]","['Amari Cooper', 'WR', 13.0]","['Julio Jones', 'WR', 3.4]","['T.J. Hockenson', 'TE', 8.2]","['Marquise Brown', 'RB/WR/TE', 6.7]","['Cowboys D/ST', 'D/ST', 1.0]","['Seahawks Coach', 'HC', 2.0]"
Big Maliggy Style,2,2,2,Away,105.66,"['Lamar Jackson', 'QB', 17.56]","['Todd Gurley II', 'RB', 6.1]","['Devin Singletary', 'RB', 8.6]","['Robert Woods', 'WR', 10.3]","['Stefon Diggs', 'WR', 25.3]","['Zach Ertz', 'TE', 6.7]","['Keenan Allen', 'RB/WR/TE', 13.1]","['Buccaneers D/ST', 'D/ST', 14.0]","['Buccaneers Coach', 'HC', 4.0]"
The Brussell Wilson Sprouts,11,2,3,Home,148.58,"['Patrick Mahomes', 'QB', 27.48]","['Chris Carson', 'RB', 18.3]","['James Conner', 'RB', 19.1]","['Tyreek Hill', 'WR', 19.3]","['Tyler Boyd', 'WR', 16.7]","['Travis Kelce', 'TE', 19.5]","['Golden Tate', 'RB/WR/TE', 7.2]","['Ravens D/ST', 'D/ST', 15.0]","['49ers Coach', 'HC', 6.0]"
Attorney Generals,6,2,3,Away,124.3,"['Dak Prescott', 'QB', 39.8]","['Aaron Jones', 'RB', 43.6]","['J.K. Dobbins', 'RB', 6.6]","['Adam Thielen', 'WR', 4.6]","['DJ Moore', 'WR', 16.0]","['Mark Andrews', 'TE', 3.4]","['T.Y. Hilton', 'RB/WR/TE', 4.3]","['Saints D/ST', 'D/ST', 5.0]","['Chiefs Coach', 'HC', 1.0]"
 JNCO JEAN GENIE ,3,2,4,Home,94.0,"['Deshaun Watson', 'QB', 14.7]","['Melvin Gordon III', 'RB', 15.4]","['Mark Ingram II', 'RB', 14.7]","['Terry McLaurin', 'WR', 22.0]","['A.J. Green', 'WR', 4.4]","['Evan Engram', 'TE', 9.5]","['Cam Akers', 'RB/WR/TE', 1.3]","['Rams D/ST', 'D/ST', 6.0]","['Ravens Coach', 'HC', 6.0]"
Thigpen's Awakening ᴿᴰ,8,2,4,Away,144.84,"['Kyler Murray', 'QB', 32.14]","['Ezekiel Elliott', 'RB', 19.2]","['Josh Jacobs', 'RB', 12.0]","['JuJu Smith-Schuster', 'WR', 8.3]","['Calvin Ridley', 'WR', 26.4]","['Hayden Hurst', 'TE', 15.7]","['Kareem Hunt', 'RB/WR/TE', 23.1]","['Titans D/ST', 'D/ST', 6.0]","['Steelers Coach', 'HC', 2.0]"
Tub Girl's Tub Scrubbers,5,2,5,Home,147.72,"['Matt Ryan', 'QB', 28.52]","['Dalvin Cook', 'RB', 16.1]","['Austin Ekeler', 'RB', 16.8]","['DeAndre Hopkins', 'WR', 16.8]","['Diontae Johnson', 'WR', 19.2]","['Darren Waller', 'TE', 22.5]","['DeVante Parker', 'RB/WR/TE', 13.8]","['Bears D/ST', 'D/ST', 13.0]","['Cowboys Coach', 'HC', 1.0]"
Inhumane Texan Koch’n,9,2,5,Away,94.2,"['Josh Allen', 'QB', 34.5]","['Alvin Kamara', 'RB', 33.9]","['Clyde Edwards-Helaire', 'RB', 10.0]","['Davante Adams', 'WR', 5.1]","['Anthony Miller', 'WR', 0.0]","['Dallas Goedert', 'TE', 5.0]","['Parris Campbell', 'RB/WR/TE', 0.7]","['Chiefs D/ST', 'D/ST', 4.0]","['Bills Coach', 'HC', 1.0]"
INTERGALACTIC SEX-MEN ᴿᴰ,10,3,0,Home,110.18,"['Cam Newton', 'QB', 11.18]","['Joe Mixon', 'RB', 7.5]","['Miles Sanders', 'RB', 12.7]","['Odell Beckham Jr.', 'WR', 7.9]","['Allen Robinson II', 'WR', 23.3]","['Noah Fant', 'TE', 7.1]","['Tyler Lockett', 'RB/WR/TE', 32.5]","['Bills D/ST', 'D/ST', 6.0]","['Packers Coach', 'HC', 2.0]"
 JNCO JEAN GENIE ,3,3,0,Away,105.62,"['Aaron Rodgers', 'QB', 24.52]","['Melvin Gordon III', 'RB', 5.8]","['Mike Davis', 'RB', 19.1]","['Chris Godwin', 'WR', 14.9]","['Terry McLaurin', 'WR', 10.6]","['Mike Gesicki', 'TE', 8.0]","['Kenny Golladay', 'RB/WR/TE', 14.7]","['Rams D/ST', 'D/ST', 8.0]","['Ravens Coach', 'HC', 0.0]"
Landslide lets  Russell Cook ,4,3,1,Home,141.7,"['Russell Wilson', 'QB', 36.8]","['Nick Chubb', 'RB', 23.5]","['James Robinson', 'RB', 27.9]","['DK Metcalf', 'WR', 17.0]","['Robby Anderson', 'WR', 8.0]","['Tyler Eifert', 'TE', 2.1]","['Will Fuller V', 'RB/WR/TE', 13.4]","['49ers D/ST', 'D/ST', 13.0]","['Cardinals Coach', 'HC', 0.0]"
Thigpen's Awakening ᴿᴰ,8,3,1,Away,104.8,"['Kyler Murray', 'QB', 21.7]","['Ezekiel Elliott', 'RB', 14.8]","['Kareem Hunt', 'RB', 13.4]","['JuJu Smith-Schuster', 'WR', 14.3]","['Calvin Ridley', 'WR', 14.2]","['Jonnu Smith', 'TE', 8.6]","['Josh Jacobs', 'RB/WR/TE', 7.8]","['Titans D/ST', 'D/ST', 8.0]","['Steelers Coach', 'HC', 2.0]"
The Brussell Wilson Sprouts,11,3,2,Home,150.0,"['Patrick Mahomes', 'QB', 40.0]","['Chris Carson', 'RB', 9.1]","['James Conner', 'RB', 22.9]","['Tyreek Hill', 'WR', 18.7]","['Tyler Boyd', 'WR', 17.5]","['Travis Kelce', 'TE', 11.7]","['Golden Tate', 'RB/WR/TE', 6.1]","['Patriots D/ST', 'D/ST', 14.0]","['49ers Coach', 'HC', 10.0]"
Tub Girl's Tub Scrubbers,5,3,2,Away,122.02,"['Matt Ryan', 'QB', 11.42]","['Dalvin Cook', 'RB', 24.9]","['Austin Ekeler', 'RB', 25.8]","['DeAndre Hopkins', 'WR', 18.7]","['Diontae Johnson', 'WR', 0.9]","['Darren Waller', 'TE', 1.9]","['DeVante Parker', 'RB/WR/TE', 9.4]","['Colts D/ST', 'D/ST', 29.0]","['Cowboys Coach', 'HC', 0.0]"
Inhumane Texan Koch’n,9,3,3,Home,131.74,"['Josh Allen', 'QB', 31.24]","['Alvin Kamara', 'RB', 38.2]","['Clyde Edwards-Helaire', 'RB', 15.9]","['Mike Williams', 'WR', 2.2]","['Allen Lazard', 'WR', 23.4]","['Dallas Goedert', 'TE', 1.2]","['Jarvis Landry', 'RB/WR/TE', 5.6]","['Chargers D/ST', 'D/ST', 4.0]","['Colts Coach', 'HC', 10.0]"
Attorney Generals,6,3,3,Away,98.28,"['Dak Prescott', 'QB', 27.48]","['Aaron Jones', 'RB', 15.6]","['Darrell Henderson Jr.', 'RB', 18.5]","['Adam Thielen', 'WR', 10.8]","['DJ Moore', 'WR', 7.5]","['Mark Andrews', 'TE', 3.7]","['T.Y. Hilton', 'RB/WR/TE', 6.7]","['Vikings D/ST', 'D/ST', 4.0]","['Chiefs Coach', 'HC', 4.0]"
Dumpster Juice,12,3,4,Home,97.98,"['Tom Brady', 'QB', 23.88]","['David Johnson', 'RB', 11.6]","['Jordan Howard', 'RB', 6.1]","['Mike Evans', 'WR', 13.2]","['John Brown', 'WR', 0.0]","['Tyler Higbee', 'TE', 7.0]","['Cooper Kupp', 'RB/WR/TE', 21.2]","['Steelers D/ST', 'D/ST', 9.0]","['Patriots Coach', 'HC', 6.0]"
Big Maliggy Style,2,3,4,Away,135.98,"['Lamar Jackson', 'QB', 14.18]","['Todd Gurley II', 'RB', 14.7]","['Devin Singletary', 'RB', 14.1]","['Robert Woods', 'WR', 18.9]","['Stefon Diggs', 'WR', 12.9]","['Zach Ertz', 'TE', 10.5]","['Keenan Allen', 'RB/WR/TE', 23.7]","['Buccaneers D/ST', 'D/ST', 21.0]","['Buccaneers Coach', 'HC', 6.0]"
RIGGED PLAYOFFS!!,1,3,5,Home,81.88,"['Ben Roethlisberger', 'QB', 19.18]","['Leonard Fournette', 'RB', 3.2]","['Jonathan Taylor', 'RB', 12.7]","['Amari Cooper', 'WR', 13.1]","['CeeDee Lamb', 'WR', 9.1]","['T.J. Hockenson', 'TE', 7.3]","['Marquise Brown', 'RB/WR/TE', 2.3]","['Browns D/ST', 'D/ST', 13.0]","['Seahawks Coach', 'HC', 2.0]"
Sausage Brainᴿᴰ,7,3,5,Away,71.94,"['Ryan Tannehill', 'QB', 12.24]","['Kenyan Drake', 'RB', 8.4]","['Derrick Henry', 'RB', 26.0]","['Marvin Jones Jr.', 'WR', 6.6]","['Larry Fitzgerald', 'WR', 0.5]","['Dalton Schultz', 'TE', 6.8]","['David Montgomery', 'RB/WR/TE', 6.4]","['Broncos D/ST', 'D/ST', 4.0]","['Titans Coach', 'HC', 1.0]"
INTERGALACTIC SEX-MEN ᴿᴰ,10,4,0,Home,145.04,"['Gardner Minshew II', 'QB', 20.94]","['Joe Mixon', 'RB', 39.1]","['Miles Sanders', 'RB', 8.6]","['Odell Beckham Jr.', 'WR', 35.9]","['Tyler Lockett', 'WR', 4.9]","['Noah Fant', 'TE', 6.0]","['Allen Robinson II', 'RB/WR/TE', 19.6]","['Bills D/ST', 'D/ST', 6.0]","['Packers Coach', 'HC', 4.0]"
Sausage Brainᴿᴰ,7,4,0,Away,85.3,"['Jared Goff', 'QB', 11.7]","['Kenyan Drake', 'RB', 3.5]","['David Montgomery', 'RB', 9.2]","['DJ Chark Jr.', 'WR', 25.5]","['Marvin Jones Jr.', 'WR', 1.4]","['Jimmy Graham', 'TE', 5.3]","['Mike Evans', 'RB/WR/TE', 21.7]","['Seahawks D/ST', 'D/ST', 5.0]","['Broncos Coach', 'HC', 2.0]"
Thigpen's Awakening ᴿᴰ,8,4,1,Home,82.62,"['Kyler Murray', 'QB', 23.12]","['Ezekiel Elliott', 'RB', 16.5]","['Josh Jacobs', 'RB', 8.8]","['Calvin Ridley', 'WR', 0.0]","['Preston Williams', 'WR', 4.0]","['Hayden Hurst', 'TE', 7.1]","['Kareem Hunt', 'RB/WR/TE', 19.1]","['Cardinals D/ST', 'D/ST', 2.0]","['Rams Coach', 'HC', 2.0]"
RIGGED PLAYOFFS!!,1,4,1,Away,103.2,"['Kirk Cousins', 'QB', 14.9]","['Jonathan Taylor', 'RB', 8.4]","['Ronald Jones II', 'RB', 15.8]","['Julio Jones', 'WR', 5.2]","['Marquise Brown', 'WR', 10.6]","['T.J. Hockenson', 'TE', 9.9]","['Amari Cooper', 'RB/WR/TE', 27.4]","['Browns D/ST', 'D/ST', 9.0]","['Seahawks Coach', 'HC', 2.0]"
Landslide lets  Russell Cook ,4,4,2,Home,99.0,"['Russell Wilson', 'QB', 20.9]","['Nick Chubb', 'RB', 4.3]","['James Robinson', 'RB', 12.7]","['DK Metcalf', 'WR', 12.6]","['Robby Anderson', 'WR', 13.9]","['Mo Alie-Cox', 'TE', 7.8]","['Will Fuller V', 'RB/WR/TE', 19.8]","['49ers D/ST', 'D/ST', 7.0]","['Cardinals Coach', 'HC', 0.0]"
Attorney Generals,6,4,2,Away,128.08,"['Dak Prescott', 'QB', 37.28]","['Aaron Jones', 'RB', 19.6]","['Darrell Henderson Jr.', 'RB', 4.2]","['Adam Thielen', 'WR', 22.2]","['DJ Moore', 'WR', 6.9]","['Mark Andrews', 'TE', 19.2]","['Myles Gaskin', 'RB/WR/TE', 7.7]","['Vikings D/ST', 'D/ST', 5.0]","['Chiefs Coach', 'HC', 6.0]"
 JNCO JEAN GENIE ,3,4,3,Home,125.38,"['Aaron Rodgers', 'QB', 29.58]","['Mike Davis', 'RB', 19.6]","['Jeff Wilson Jr.', 'RB', 2.4]","['Terry McLaurin', 'WR', 16.8]","['Kenny Golladay', 'WR', 14.2]","['Mike Gesicki', 'TE', 2.0]","['Melvin Gordon III', 'RB/WR/TE', 24.8]","['Rams D/ST', 'D/ST', 12.0]","['Ravens Coach', 'HC', 4.0]"
Inhumane Texan Koch’n,9,4,3,Away,86.7,"['Josh Allen', 'QB', 25.42]","['Alvin Kamara', 'RB', 19.4]","['Clyde Edwards-Helaire', 'RB', 10.6]","['Davante Adams', 'WR', 0.0]","['Jarvis Landry', 'WR', 12.78]","['Logan Thomas', 'TE', 1.3]","['Hunter Renfrow', 'RB/WR/TE', 8.2]","['Saints D/ST', 'D/ST', 7.0]","['Colts Coach', 'HC', 2.0]"
The Brussell Wilson Sprouts,11,4,4,Home,90.54,"['Patrick Mahomes', 'QB', 20.24]","['Chris Carson', 'RB', 23.5]","['Cordarrelle Patterson', 'RB', 1.0]","['Tyreek Hill', 'WR', 14.4]","['Tyler Boyd', 'WR', 12.9]","['Travis Kelce', 'TE', 8.5]","['Golden Tate', 'RB/WR/TE', 4.0]","['Ravens D/ST', 'D/ST', 6.0]","['49ers Coach', 'HC', 0.0]"
Dumpster Juice,12,4,4,Away,80.76,"['Tom Brady', 'QB', 32.46]","['David Johnson', 'RB', 10.2]","['Brian Hill', 'RB', 3.3]","['Cooper Kupp', 'WR', 15.2]","['John Brown', 'WR', 6.2]","['Tyler Higbee', 'TE', 3.5]","['Hunter Henry', 'RB/WR/TE', 4.9]","['Texans D/ST', 'D/ST', 3.0]","['Bills Coach', 'HC', 2.0]"
Tub Girl's Tub Scrubbers,5,4,5,Home,98.7,"['Matt Ryan', 'QB', 12.4]","['Dalvin Cook', 'RB', 27.6]","['Austin Ekeler', 'RB', 1.9]","['DeAndre Hopkins', 'WR', 7.6]","['DeVante Parker', 'WR', 16.0]","['Darren Waller', 'TE', 11.3]","['Jamison Crowder', 'RB/WR/TE', 13.9]","['Colts D/ST', 'D/ST', 8.0]","['Cowboys Coach', 'HC', 0.0]"
Big Maliggy Style,2,4,5,Away,132.12,"['Lamar Jackson', 'QB', 25.02]","['Todd Gurley II', 'RB', 18.8]","['Devin Singletary', 'RB', 16.2]","['Robert Woods', 'WR', 6.8]","['Stefon Diggs', 'WR', 14.5]","['George Kittle', 'TE', 32.6]","['Keenan Allen', 'RB/WR/TE', 10.2]","['Buccaneers D/ST', 'D/ST', 6.0]","['Buccaneers Coach', 'HC', 2.0]"
Inhumane Texan Koch’n,9,5,0,Home,83.82,"['Josh Allen', 'QB', 16.32]","['Alvin Kamara', 'RB', 15.9]","['Clyde Edwards-Helaire', 'RB', 9.5]","['Jarvis Landry', 'WR', 10.8]","['Tee Higgins', 'WR', 8.2]","['Rob Gronkowski', 'TE', 6.7]","['Laviska Shenault Jr.', 'RB/WR/TE', 11.4]","['Chiefs D/ST', 'D/ST', 3.0]","['Steelers Coach', 'HC', 2.0]"
Landslide lets  Russell Cook ,4,5,0,Away,103.28,"['Russell Wilson', 'QB', 24.48]","['James Robinson', 'RB', 7.5]","['Malcolm Brown', 'RB', 2.9]","['DK Metcalf', 'WR', 24.3]","['Robby Anderson', 'WR', 15.5]","['Eric Ebron', 'TE', 4.8]","['Will Fuller V', 'RB/WR/TE', 13.8]","['49ers D/ST', 'D/ST', 2.0]","['Cardinals Coach', 'HC', 8.0]"
RIGGED PLAYOFFS!!,1,5,1,Home,91.56,"['Ben Roethlisberger', 'QB', 21.36]","['Jonathan Taylor', 'RB', 14.4]","['Ronald Jones II', 'RB', 14.0]","['Amari Cooper', 'WR', 3.1]","['CeeDee Lamb', 'WR', 16.4]","['Greg Olsen', 'TE', 2.5]","['Justin Jefferson', 'RB/WR/TE', 3.8]","['Browns D/ST', 'D/ST', 15.0]","['Seahawks Coach', 'HC', 1.0]"
Tub Girl's Tub Scrubbers,5,5,1,Away,88.34,"['Matt Ryan', 'QB', 6.94]","['Dalvin Cook', 'RB', 17.4]","['Joshua Kelley', 'RB', 4.3]","['DeAndre Hopkins', 'WR', 22.1]","['DeVante Parker', 'WR', 12.0]","['Darren Waller', 'TE', 13.3]","['Diontae Johnson', 'RB/WR/TE', 0.3]","['Colts D/ST', 'D/ST', 11.0]","['Cowboys Coach', 'HC', 1.0]"
Big Maliggy Style,2,5,2,Home,94.3,"['Lamar Jackson', 'QB', 13.5]","['Todd Gurley II', 'RB', 23.0]","['Devin Singletary', 'RB', 3.8]","['Robert Woods', 'WR', 15.1]","['Stefon Diggs', 'WR', 15.6]","['George Kittle', 'TE', 6.4]","['Keenan Allen', 'RB/WR/TE', 9.9]","['Buccaneers D/ST', 'D/ST', 7.0]","['Buccaneers Coach', 'HC', 0.0]"
INTERGALACTIC SEX-MEN ᴿᴰ,10,5,2,Away,77.94,"['Gardner Minshew II', 'QB', 19.84]","['Joe Mixon', 'RB', 12.4]","['Miles Sanders', 'RB', 22.9]","['Allen Robinson II', 'WR', 14.0]","['Tyler Lockett', 'WR', 6.4]","['Logan Thomas', 'TE', 0.9]","['Jerick McKinnon', 'RB/WR/TE', 1.5]","['Bills D/ST', 'D/ST', 0.0]","['Packers Coach', 'HC', 0]"
Dumpster Juice,12,5,3,Home,82.02,"['Tom Brady', 'QB', 14.12]","['David Johnson', 'RB', 11.3]","['Derrick Henry', 'RB', 18.8]","['Cooper Kupp', 'WR', 9.1]","['John Brown', 'WR', 0.0]","['Hunter Henry', 'TE', 10.3]","['Sammy Watkins', 'RB/WR/TE', 9.4]","['Steelers D/ST', 'D/ST', 9.0]","['Bills Coach', 'HC', 0.0]"
 JNCO JEAN GENIE ,3,5,3,Away,97.16,"['Deshaun Watson', 'QB', 24.86]","['Mark Ingram II', 'RB', 5.7]","['Mike Davis', 'RB', 25.4]","['Terry McLaurin', 'WR', 4.1]","['A.J. Green', 'WR', 0.0]","['Evan Engram', 'TE', 9.0]","['Cam Akers', 'RB/WR/TE', 6.1]","['Rams D/ST', 'D/ST', 14.0]","['Ravens Coach', 'HC', 8.0]"
Thigpen's Awakening ᴿᴰ,8,5,4,Home,127.8,"['Kyler Murray', 'QB', 26.3]","['Ezekiel Elliott', 'RB', 23.0]","['Josh Jacobs', 'RB', 21.5]","['JuJu Smith-Schuster', 'WR', 4.8]","['Calvin Ridley', 'WR', 17.6]","['Hayden Hurst', 'TE', 1.8]","['Kareem Hunt', 'RB/WR/TE', 16.8]","['Cardinals D/ST', 'D/ST', 8.0]","['Rams Coach', 'HC', 8.0]"
The Brussell Wilson Sprouts,11,5,4,Away,135.4,"['Patrick Mahomes', 'QB', 29.7]","['Chris Carson', 'RB', 16.9]","['James Conner', 'RB', 13.8]","['Tyreek Hill', 'WR', 16.8]","['Tyler Boyd', 'WR', 6.2]","['Travis Kelce', 'TE', 20.8]","['Golden Tate', 'RB/WR/TE', 6.2]","['Ravens D/ST', 'D/ST', 25.0]","['49ers Coach', 'HC', 0.0]"
Sausage Brainᴿᴰ,7,5,5,Home,93.56,"['Jared Goff', 'QB', 24.36]","['Kenyan Drake', 'RB', 12.7]","['David Montgomery', 'RB', 15.4]","['DJ Chark Jr.', 'WR', 3.1]","['Mike Evans', 'WR', 12.6]","['Jimmy Graham', 'TE', 10.8]","['Antonio Gibson', 'RB/WR/TE', 7.6]","['Seahawks D/ST', 'D/ST', 7.0]","['Colts Coach', 'HC', 0.0]"
Attorney Generals,6,5,5,Away,129.44,"['Dak Prescott', 'QB', 12.94]","['Darrell Henderson Jr.', 'RB', 20.3]","['Myles Gaskin', 'RB', 17.6]","['Adam Thielen', 'WR', 24.8]","['DJ Moore', 'WR', 17.3]","['Mark Andrews', 'TE', 14.6]","['Justin Jackson', 'RB/WR/TE', 11.9]","['Cowboys D/ST', 'D/ST', 10.0]","['Chiefs Coach', 'HC', 0.0]"
 JNCO JEAN GENIE ,3,6,0,Home,48.0,"['Aaron Rodgers', 'QB', 3.8]","['Mark Ingram II', 'RB', 2.0]","['Mike Davis', 'RB', 10.5]","['Terry McLaurin', 'WR', 10.9]","['Kenny Golladay', 'WR', 12.5]","['Mike Gesicki', 'TE', 0.0]","['Chris Godwin', 'RB/WR/TE', 7.3]","['Rams D/ST', 'D/ST', 0.0]","['Ravens Coach', 'HC', 1.0]"
Big Maliggy Style,2,6,0,Away,126.74,"['Lamar Jackson', 'QB', 28.24]","['Todd Gurley II', 'RB', 8.2]","['Devin Singletary', 'RB', 5.0]","['Robert Woods', 'WR', 12.0]","['Stefon Diggs', 'WR', 13.6]","['George Kittle', 'TE', 20.4]","['Brandin Cooks', 'RB/WR/TE', 17.3]","['Dolphins D/ST', 'D/ST', 12.0]","['Buccaneers Coach', 'HC', 10.0]"
RIGGED PLAYOFFS!!,1,6,1,Home,117.58,"['Ben Roethlisberger', 'QB', 10.98]","['Jonathan Taylor', 'RB', 13.5]","['Devonta Freeman', 'RB', 6.2]","['Amari Cooper', 'WR', 17.4]","['Julio Jones', 'WR', 29.7]","['T.J. Hockenson', 'TE', 8.7]","['Ronald Jones II', 'RB/WR/TE', 25.1]","['Browns D/ST', 'D/ST', 4.0]","['Bears Coach', 'HC', 2.0]"
Attorney Generals,6,6,1,Away,90.62,"['Kirk Cousins', 'QB', 23.72]","['Aaron Jones', 'RB', 11.6]","['Myles Gaskin', 'RB', 14.6]","['Adam Thielen', 'WR', 12.6]","['DJ Moore', 'WR', 11.8]","['Mark Andrews', 'TE', 3.1]","['Darrell Henderson Jr.', 'RB/WR/TE', 9.2]","['Titans D/ST', 'D/ST', 2.0]","['Chiefs Coach', 'HC', 2.0]"
Inhumane Texan Koch’n,9,6,2,Home,89.88,"['Josh Allen', 'QB', 15.08]","['Clyde Edwards-Helaire', 'RB', 18.9]","['Rex Burkhead', 'RB', 1.4]","['Davante Adams', 'WR', 9.1]","['Laviska Shenault Jr.', 'WR', 2.6]","['Rob Gronkowski', 'TE', 16.3]","['Jarvis Landry', 'RB/WR/TE', 5.5]","['Bears D/ST', 'D/ST', 11.0]","['Steelers Coach', 'HC', 10.0]"
Thigpen's Awakening ᴿᴰ,8,6,2,Away,91.62,"['Kyler Murray', 'QB', 28.92]","['Ezekiel Elliott', 'RB', 8.0]","['Kareem Hunt', 'RB', 6.7]","['JuJu Smith-Schuster', 'WR', 1.6]","['Calvin Ridley', 'WR', 15.9]","['Jonnu Smith', 'TE', 1.8]","['Marquise Brown', 'RB/WR/TE', 7.7]","['Giants D/ST', 'D/ST', 13.0]","['Dolphins Coach', 'HC', 8.0]"
Sausage Brainᴿᴰ,7,6,3,Home,121.04,"['Ryan Tannehill', 'QB', 28.64]","['Kenyan Drake', 'RB', 28.4]","['David Montgomery', 'RB', 11.7]","['A.J. Brown', 'WR', 20.3]","['Mike Evans', 'WR', 1.5]","['Jimmy Graham', 'TE', 5.9]","['Raheem Mostert', 'RB/WR/TE', 8.6]","['Broncos D/ST', 'D/ST', 15.0]","['Colts Coach', 'HC', 1.0]"
The Brussell Wilson Sprouts,11,6,3,Away,91.5,"['Patrick Mahomes', 'QB', 20.6]","['James Conner', 'RB', 16.7]","['Damien Harris', 'RB', 3.8]","['Tyreek Hill', 'WR', 4.0]","['Tyler Boyd', 'WR', 10.4]","['Travis Kelce', 'TE', 19.0]","['Frank Gore', 'RB/WR/TE', 9.0]","['Ravens D/ST', 'D/ST', 8.0]","['Rams Coach', 'HC', 0.0]"
INTERGALACTIC SEX-MEN ᴿᴰ,10,6,4,Home,80.48,"['Cam Newton', 'QB', 17.98]","['Joe Mixon', 'RB', 13.9]","['Miles Sanders', 'RB', 11.7]","['Odell Beckham Jr.', 'WR', 3.5]","['Allen Robinson II', 'WR', 7.8]","['Irv Smith Jr.', 'TE', 9.5]","['Chase Claypool', 'RB/WR/TE', 16.1]","['Packers D/ST', 'D/ST', 0.0]","['Packers Coach', 'HC', 0.0]"
Tub Girl's Tub Scrubbers,5,6,4,Away,64.34,"['Matt Ryan', 'QB', 31.64]","['Alexander Mattison', 'RB', 3.5]","['Duke Johnson', 'RB', 1.6]","['DeAndre Hopkins', 'WR', 8.3]","['DeVante Parker', 'WR', 5.0]","['Tyler Eifert', 'TE', 0.0]","['Jamison Crowder', 'RB/WR/TE', 8.3]","['Colts D/ST', 'D/ST', 4.0]","['Titans Coach', 'HC', 2.0]"
Landslide lets  Russell Cook ,4,6,5,Home,97.52,"['Gardner Minshew II', 'QB', 17.62]","['James Robinson', 'RB', 13.3]","['J.D. McKissic', 'RB', 11.4]","['Will Fuller V', 'WR', 21.3]","['Robby Anderson', 'WR', 9.7]","['Robert Tonyan', 'TE', 4.0]","['Jerry Jeudy', 'RB/WR/TE', 4.2]","['Washington D/ST', 'D/ST', 6.0]","['Cardinals Coach', 'HC', 10.0]"
Dumpster Juice,12,6,5,Away,107.44,"['Tom Brady', 'QB', 14.64]","['David Johnson', 'RB', 13.4]","['Derrick Henry', 'RB', 39.4]","['Cooper Kupp', 'WR', 2.6]","['John Brown', 'WR', 0.0]","['Tyler Higbee', 'TE', 7.1]","['James White', 'RB/WR/TE', 11.3]","['Steelers D/ST', 'D/ST', 19.0]","['Patriots Coach', 'HC', 0.0]"
RIGGED PLAYOFFS!!,1,7,0,Home,91.02,"['Ben Roethlisberger', 'QB', 12.62]","['Ronald Jones II', 'RB', 10.1]","['Devonta Freeman', 'RB', 0.8]","['Amari Cooper', 'WR', 12.0]","['Julio Jones', 'WR', 13.7]","['T.J. Hockenson', 'TE', 14.4]","['Jamaal Williams', 'RB/WR/TE', 19.4]","['Browns D/ST', 'D/ST', 8.0]","['Seahawks Coach', 'HC', 0.0]"
Landslide lets  Russell Cook ,4,7,0,Away,103.62,"['Russell Wilson', 'QB', 29.92]","['James Robinson', 'RB', 29.7]","['J.D. McKissic', 'RB', 6.1]","['DK Metcalf', 'WR', 3.3]","['Will Fuller V', 'WR', 11.0]","['Robert Tonyan', 'TE', 4.2]","['Robby Anderson', 'RB/WR/TE', 10.4]","['Eagles D/ST', 'D/ST', 9.0]","['Falcons Coach', 'HC', 0.0]"
 JNCO JEAN GENIE ,3,7,1,Home,125.36,"['Deshaun Watson', 'QB', 24.16]","['Melvin Gordon III', 'RB', 11.0]","['Mike Davis', 'RB', 6.1]","['Terry McLaurin', 'WR', 18.5]","['Kenny Golladay', 'WR', 14.4]","['Evan Engram', 'TE', 7.9]","['Chris Godwin', 'RB/WR/TE', 19.3]","['Rams D/ST', 'D/ST', 14.0]","['49ers Coach', 'HC', 10.0]"
The Brussell Wilson Sprouts,11,7,1,Away,88.34,"['Patrick Mahomes', 'QB', 12.0]","['Chris Carson', 'RB', 4.6]","['James Conner', 'RB', 12.6]","['Tyreek Hill', 'WR', 14.5]","['Tyler Boyd', 'WR', 22.24]","['Travis Kelce', 'TE', 4.6]","['Travis Fulgham', 'RB/WR/TE', 9.8]","['Patriots D/ST', 'D/ST', 7.0]","['Saints Coach', 'HC', 1.0]"
Sausage Brainᴿᴰ,7,7,2,Home,86.7,"['Ryan Tannehill', 'QB', 17.3]","[""D'Andre Swift"", 'RB', 12.8]","['David Montgomery', 'RB', 9.4]","['A.J. Brown', 'WR', 24.3]","['Mike Evans', 'WR', 4.7]","['Jimmy Graham', 'TE', 5.6]","['Kenyan Drake', 'RB/WR/TE', 4.6]","['Seahawks D/ST', 'D/ST', 4.0]","['Chargers Coach', 'HC', 4.0]"
Thigpen's Awakening ᴿᴰ,8,7,2,Away,127.0,"['Kyler Murray', 'QB', 37.1]","['Ezekiel Elliott', 'RB', 5.6]","['Kareem Hunt', 'RB', 17.7]","['Calvin Ridley', 'WR', 17.4]","['Deebo Samuel', 'WR', 9.7]","['Jonnu Smith', 'TE', 1.4]","['Giovani Bernard', 'RB/WR/TE', 18.1]","['Bills D/ST', 'D/ST', 16.0]","['Rams Coach', 'HC', 4.0]"
Inhumane Texan Koch’n,9,7,3,Home,127.98,"['Josh Allen', 'QB', 16.38]","['Alvin Kamara', 'RB', 18.8]","['Clyde Edwards-Helaire', 'RB', 12.8]","['Davante Adams', 'WR', 38.1]","['Tee Higgins', 'WR', 16.3]","['Rob Gronkowski', 'TE', 14.7]","['Mike Williams', 'RB/WR/TE', 0.9]","['Chargers D/ST', 'D/ST', 9.0]","['Eagles Coach', 'HC', 1.0]"
INTERGALACTIC SEX-MEN ᴿᴰ,10,7,3,Away,71.92,"['Cam Newton', 'QB', -0.18]","['Jerick McKinnon', 'RB', -0.1]","['AJ Dillon', 'RB', 1.1]","['Tyler Lockett', 'WR', 45.5]","['Chase Claypool', 'WR', 0.3]","['Noah Fant', 'TE', 5.3]","['Allen Robinson II', 'RB/WR/TE', 9.0]","['Packers D/ST', 'D/ST', 5.0]","['Packers Coach', 'HC', 6.0]"
Attorney Generals,6,7,4,Home,87.76,"['Carson Wentz', 'QB', 27.76]","['Darrell Henderson Jr.', 'RB', 8.6]","['Justin Jackson', 'RB', 8.0]","['DJ Moore', 'WR', 23.3]","['Michael Gallup', 'WR', 0.0]","['Dalton Schultz', 'TE', 3.2]","['Demarcus Robinson', 'RB/WR/TE', 0.9]","['Titans D/ST', 'D/ST', 6.0]","['Chiefs Coach', 'HC', 10.0]"
Big Maliggy Style,2,7,4,Away,118.98,"['Justin Herbert', 'QB', 38.48]","['Todd Gurley II', 'RB', 21.2]","['Devin Singletary', 'RB', 5.7]","['Robert Woods', 'WR', 4.0]","['Stefon Diggs', 'WR', 7.8]","['George Kittle', 'TE', 8.0]","['Antonio Gibson', 'RB/WR/TE', 18.8]","['Buccaneers D/ST', 'D/ST', 5.0]","['Buccaneers Coach', 'HC', 10.0]"
Dumpster Juice,12,7,5,Home,88.86,"['Tom Brady', 'QB', 36.86]","['David Johnson', 'RB', 14.4]","['Derrick Henry', 'RB', 14.2]","['Cooper Kupp', 'WR', 8.9]","['Tim Patrick', 'WR', 5.9]","['Hunter Henry', 'TE', 3.8]","['James White', 'RB/WR/TE', 0.8]","['Steelers D/ST', 'D/ST', 4.0]","['Patriots Coach', 'HC', 0.0]"
Tub Girl's Tub Scrubbers,5,7,5,Away,123.82,"['Matt Ryan', 'QB', 17.52]","['Latavius Murray', 'RB', 6.1]","['Boston Scott', 'RB', 16.7]","['Diontae Johnson', 'WR', 24.5]","['Keelan Cole Sr.', 'WR', 1.7]","['Darren Waller', 'TE', 14.0]","['DeAndre Hopkins', 'RB/WR/TE', 19.3]","['Chiefs D/ST', 'D/ST', 24.0]","['Titans Coach', 'HC', 0.0]"
Sausage Brainᴿᴰ,7,8,0,Home,84.96,"['Joe Burrow', 'QB', 18.86]","[""D'Andre Swift"", 'RB', 3.8]","['David Montgomery', 'RB', 11.5]","['A.J. Brown', 'WR', 10.4]","['Mike Evans', 'WR', 14.0]","['Harrison Bryant', 'TE', 2.0]","['Marvin Jones Jr.', 'RB/WR/TE', 17.4]","['Seahawks D/ST', 'D/ST', 7.0]","['Chargers Coach', 'HC', 0.0]"
 JNCO JEAN GENIE ,3,8,0,Away,71.74,"['Aaron Rodgers', 'QB', 22.54]","['Mike Davis', 'RB', 8.2]","['Josh Jacobs', 'RB', 12.9]","['A.J. Green', 'WR', 2.9]","['Nelson Agholor', 'WR', 0.0]","['Evan Engram', 'TE', 9.5]","['Melvin Gordon III', 'RB/WR/TE', 7.7]","['Rams D/ST', 'D/ST', 8.0]","['Ravens Coach', 'HC', 0.0]"
Inhumane Texan Koch’n,9,8,1,Home,103.36,"['Josh Allen', 'QB', 12.46]","['Alvin Kamara', 'RB', 20.8]","['Clyde Edwards-Helaire', 'RB', 4.6]","['Davante Adams', 'WR', 26.8]","['Tee Higgins', 'WR', 11.4]","['Rob Gronkowski', 'TE', 12.1]","['Jarvis Landry', 'RB/WR/TE', 7.2]","['Chargers D/ST', 'D/ST', 4.0]","['Eagles Coach', 'HC', 4.0]"
Big Maliggy Style,2,8,1,Away,108.72,"['Justin Herbert', 'QB', 21.22]","['Todd Gurley II', 'RB', 10.6]","['Devin Singletary', 'RB', 9.7]","['Robert Woods', 'WR', 24.9]","['Stefon Diggs', 'WR', 12.2]","['George Kittle', 'TE', 4.9]","['Keenan Allen', 'RB/WR/TE', 17.2]","['Buccaneers D/ST', 'D/ST', 7.0]","['Buccaneers Coach', 'HC', 1.0]"
Dumpster Juice,12,8,2,Home,83.16,"['Tom Brady', 'QB', 19.06]","['James White', 'RB', 4.5]","['Derrick Henry', 'RB', 17.2]","['Cooper Kupp', 'WR', 16.5]","['Tim Patrick', 'WR', 0.0]","['Hunter Henry', 'TE', 5.3]","['John Brown', 'RB/WR/TE', 2.6]","['Steelers D/ST', 'D/ST', 18.0]","['Patriots Coach', 'HC', 0.0]"
INTERGALACTIC SEX-MEN ᴿᴰ,10,8,2,Away,60.26,"['Jimmy Garoppolo', 'QB', 1.76]","['J.K. Dobbins', 'RB', 12.6]","['Tevin Coleman', 'RB', 2.0]","['Allen Robinson II', 'WR', 17.7]","['Tyler Lockett', 'WR', 5.3]","['Noah Fant', 'TE', 8.2]","['Jalen Reagor', 'RB/WR/TE', 11.7]","['Packers D/ST', 'D/ST', 1.0]","['Packers Coach', 'HC', 0.0]"
The Brussell Wilson Sprouts,11,8,3,Home,148.44,"['Patrick Mahomes', 'QB', 36.64]","['James Conner', 'RB', 13.5]","['Damien Harris', 'RB', 16.2]","['Tyreek Hill', 'WR', 23.8]","['Tyler Boyd', 'WR', 16.6]","['Travis Kelce', 'TE', 20.9]","['Travis Fulgham', 'RB/WR/TE', 16.8]","['Patriots D/ST', 'D/ST', 3.0]","['Saints Coach', 'HC', 1.0]"
RIGGED PLAYOFFS!!,1,8,3,Away,67.92,"['Tua Tagovailoa', 'QB', 5.72]","['Jonathan Taylor', 'RB', 4.1]","['Jamaal Williams', 'RB', 15.2]","['Julio Jones', 'WR', 17.2]","['Justin Jefferson', 'WR', 4.1]","['T.J. Hockenson', 'TE', 10.0]","['Ronald Jones II', 'RB/WR/TE', 4.6]","['Browns D/ST', 'D/ST', 3.0]","['Seahawks Coach', 'HC', 4.0]"
Tub Girl's Tub Scrubbers,5,8,4,Home,102.14,"['Matt Ryan', 'QB', 17.94]","['Dalvin Cook', 'RB', 47.6]","['Boston Scott', 'RB', 8.9]","['DeVante Parker', 'WR', 6.8]","['Diontae Johnson', 'WR', 1.1]","['Darren Waller', 'TE', 5.2]","['Latavius Murray', 'RB/WR/TE', 4.6]","['Chiefs D/ST', 'D/ST', 10.0]","['Titans Coach', 'HC', 0.0]"
Landslide lets  Russell Cook ,4,8,4,Away,120.34,"['Russell Wilson', 'QB', 28.74]","['Malcolm Brown', 'RB', 6.7]","[""La'Mical Perine"", 'RB', 4.3]","['DK Metcalf', 'WR', 34.1]","['Cole Beasley', 'WR', 3.4]","['Eric Ebron', 'TE', 12.8]","['Robby Anderson', 'RB/WR/TE', 7.3]","['Eagles D/ST', 'D/ST', 23.0]","['Panthers Coach', 'HC', 0.0]"
Thigpen's Awakening ᴿᴰ,8,8,5,Home,63.04,"['Teddy Bridgewater', 'QB', 12.04]","['Ezekiel Elliott', 'RB', 7.8]","['Kareem Hunt', 'RB', 8.3]","['Calvin Ridley', 'WR', 5.7]","['Kenny Golladay', 'WR', 0.0]","['Jonnu Smith', 'TE', 3.9]","['Giovani Bernard', 'RB/WR/TE', 21.3]","['Bills D/ST', 'D/ST', 4.0]","['Rams Coach', 'HC', 0.0]"
Attorney Generals,6,8,5,Away,71.22,"['Carson Wentz', 'QB', 8.62]","['Darrell Henderson Jr.', 'RB', 6.3]","['Myles Gaskin', 'RB', 11.8]","['Adam Thielen', 'WR', 4.2]","['DJ Moore', 'WR', 6.5]","['Mark Andrews', 'TE', 4.7]","['Brandon Aiyuk', 'RB/WR/TE', 19.1]","['Titans D/ST', 'D/ST', 0.0]","['Chiefs Coach', 'HC', 10.0]"
Attorney Generals,6,9,0,Home,76.8,"['Derek Carr', 'QB', 14.0]","['Justin Jackson', 'RB', 0.0]","['Wayne Gallman', 'RB', 14.2]","['Adam Thielen', 'WR', 4.8]","['DJ Moore', 'WR', 2.8]","['Mark Andrews', 'TE', 3.7]","['Curtis Samuel', 'RB/WR/TE', 22.3]","['Titans D/ST', 'D/ST', 14.0]","['Chiefs Coach', 'HC', 1.0]"
INTERGALACTIC SEX-MEN ᴿᴰ,10,9,0,Away,78.26,"['Cam Newton', 'QB', 24.56]","['J.K. Dobbins', 'RB', 4.5]","['JaMycal Hasty', 'RB', 2.3]","['Allen Robinson II', 'WR', 11.6]","['Tyler Lockett', 'WR', 6.0]","['Noah Fant', 'TE', 6.0]","['Chase Claypool', 'RB/WR/TE', 11.3]","['Packers D/ST', 'D/ST', 6.0]","['Packers Coach', 'HC', 6.0]"
Inhumane Texan Koch’n,9,9,1,Home,106.7,"['Josh Allen', 'QB', 36.0]","['Alvin Kamara', 'RB', 13.4]","['Clyde Edwards-Helaire', 'RB', 10.9]","['Davante Adams', 'WR', 28.3]","['Mike Williams', 'WR', 10.6]","['Rob Gronkowski', 'TE', 0.7]","[""Le'Veon Bell"", 'RB/WR/TE', 0.8]","['Washington D/ST', 'D/ST', 5.0]","['Texans Coach', 'HC', 1.0]"
RIGGED PLAYOFFS!!,1,9,1,Away,99.94,"['Ben Roethlisberger', 'QB', 25.04]","['Leonard Fournette', 'RB', 7.1]","['Todd Gurley II', 'RB', 12.5]","['Julio Jones', 'WR', 13.9]","['Justin Jefferson', 'WR', 7.9]","['Mike Gesicki', 'TE', 5.7]","['Brandin Cooks', 'RB/WR/TE', 15.8]","['Giants D/ST', 'D/ST', 12.0]","['Seahawks Coach', 'HC', 0.0]"
The Brussell Wilson Sprouts,11,9,2,Home,106.48,"['Patrick Mahomes', 'QB', 31.48]","['James Conner', 'RB', 3.0]","['Damien Harris', 'RB', 7.1]","['Tyreek Hill', 'WR', 28.6]","['Randall Cobb', 'WR', 3.6]","['Travis Kelce', 'TE', 20.9]","['Darnell Mooney', 'RB/WR/TE', 6.8]","['Patriots D/ST', 'D/ST', 3.0]","['Steelers Coach', 'HC', 2.0]"
Big Maliggy Style,2,9,2,Away,101.14,"['Justin Herbert', 'QB', 23.44]","['Devin Singletary', 'RB', 4.9]","['Antonio Gibson', 'RB', 11.0]","['Keenan Allen', 'WR', 20.8]","['Stefon Diggs', 'WR', 16.3]","['T.J. Hockenson', 'TE', 12.4]","['Ronald Jones II', 'RB/WR/TE', 3.3]","['Dolphins D/ST', 'D/ST', 9.0]","['Buccaneers Coach', 'HC', 0.0]"
Sausage Brainᴿᴰ,7,9,3,Home,103.92,"['Drew Lock', 'QB', 29.22]","[""D'Andre Swift"", 'RB', 11.2]","['David Montgomery', 'RB', 3.7]","['A.J. Brown', 'WR', 18.1]","['Mike Evans', 'WR', 8.4]","['Jimmy Graham', 'TE', 14.5]","['Marvin Jones Jr.', 'RB/WR/TE', 11.8]","['Seahawks D/ST', 'D/ST', 7.0]","['Chargers Coach', 'HC', 0.0]"
Landslide lets  Russell Cook ,4,9,3,Away,133.4,"['Russell Wilson', 'QB', 22.1]","['Christian McCaffrey', 'RB', 32.1]","['James Robinson', 'RB', 15.9]","['DK Metcalf', 'WR', 20.3]","['Will Fuller V', 'WR', 18.5]","['Eric Ebron', 'TE', 9.7]","['Robby Anderson', 'RB/WR/TE', 10.8]","['Texans D/ST', 'D/ST', 4.0]","['Cardinals Coach', 'HC', 0.0]"
Tub Girl's Tub Scrubbers,5,9,4,Home,108.66,"['Matt Ryan', 'QB', 22.36]","['Dalvin Cook', 'RB', 38.2]","['Joshua Kelley', 'RB', 8.4]","['DeAndre Hopkins', 'WR', 4.5]","['Diontae Johnson', 'WR', 11.1]","['Darren Waller', 'TE', 10.7]","['DeVante Parker', 'RB/WR/TE', 9.4]","['Chiefs D/ST', 'D/ST', 2.0]","['Titans Coach', 'HC', 2.0]"
 JNCO JEAN GENIE ,3,9,4,Away,89.64,"['Deshaun Watson', 'QB', 24.24]","['Melvin Gordon III', 'RB', 3.2]","['Josh Jacobs', 'RB', 13.3]","['Terry McLaurin', 'WR', 21.0]","['Corey Davis', 'WR', 0.0]","['Evan Engram', 'TE', 13.3]","['Chris Godwin', 'RB/WR/TE', 5.6]","['Bears D/ST', 'D/ST', 5.0]","['Ravens Coach', 'HC', 4.0]"
Dumpster Juice,12,9,5,Home,39.56,"['Tom Brady', 'QB', 2.36]","['David Johnson', 'RB', 1.6]","['Derrick Henry', 'RB', 6.8]","['John Brown', 'WR', 13.9]","['Antonio Brown', 'WR', 4.6]","['Jared Cook', 'TE', 2.0]","['Darius Slayton', 'RB/WR/TE', 1.3]","['Steelers D/ST', 'D/ST', 6.0]","['Patriots Coach', 'HC', 1.0]"
Thigpen's Awakening ᴿᴰ,8,9,5,Away,99.22,"['Kyler Murray', 'QB', 37.92]","['Chase Edmonds', 'RB', 10.3]","['DeeJay Dallas', 'RB', 10.9]","['JuJu Smith-Schuster', 'WR', 18.3]","['Marquise Brown', 'WR', 5.3]","['Jordan Reed', 'TE', 0.8]","['Sterling Shepard', 'RB/WR/TE', 8.7]","['Cardinals D/ST', 'D/ST', 3.0]","['Vikings Coach', 'HC', 4.0]"
The Brussell Wilson Sprouts,11,10,0,Home,54.24,"['Drew Brees', 'QB', 6.94]","['James Conner', 'RB', 5.8]","['Damien Harris', 'RB', 12.1]","['Tyler Boyd', 'WR', 7.1]","['Travis Fulgham', 'WR', 1.3]","['Jordan Reed', 'TE', 8.7]","['Darnell Mooney', 'RB/WR/TE', 1.3]","['Ravens D/ST', 'D/ST', 1.0]","['Steelers Coach', 'HC', 10.0]"
Landslide lets  Russell Cook ,4,10,0,Away,63.72,"['Russell Wilson', 'QB', 9.92]","['Nick Chubb', 'RB', 18.6]","['James Robinson', 'RB', 12.2]","['DK Metcalf', 'WR', 3.8]","['Robby Anderson', 'WR', 4.1]","['Eric Ebron', 'TE', 4.8]","['Will Fuller V', 'RB/WR/TE', 6.3]","['Eagles D/ST', 'D/ST', 3.0]","['Cardinals Coach', 'HC', 1.0]"
Inhumane Texan Koch’n,9,10,1,Home,109.86,"['Josh Allen', 'QB', 26.86]","['Alvin Kamara', 'RB', 31.3]","['Phillip Lindsay', 'RB', 0.2]","['Davante Adams', 'WR', 14.6]","['Tee Higgins', 'WR', 19.0]","['Rob Gronkowski', 'TE', 12.1]","['Mike Williams', 'RB/WR/TE', 4.8]","['Washington D/ST', 'D/ST', 1.0]","['Eagles Coach', 'HC', 0.0]"
Dumpster Juice,12,10,1,Away,94.84,"['Tom Brady', 'QB', 31.84]","['Derrick Henry', 'RB', 11.4]","['James White', 'RB', 1.8]","['Cooper Kupp', 'WR', 7.5]","['Antonio Brown', 'WR', 10.1]","['Hunter Henry', 'TE', 11.0]","['John Brown', 'RB/WR/TE', 10.2]","['Steelers D/ST', 'D/ST', 11.0]","['Bills Coach', 'HC', 0.0]"
 JNCO JEAN GENIE ,3,10,2,Home,92.12,"['Deshaun Watson', 'QB', 14.12]","['Mike Davis', 'RB', 6.4]","['Josh Jacobs', 'RB', 27.6]","['Chris Godwin', 'WR', 12.2]","['Terry McLaurin', 'WR', 13.7]","['Evan Engram', 'TE', 2.5]","['Melvin Gordon III', 'RB/WR/TE', 4.6]","['Bears D/ST', 'D/ST', 11.0]","['Ravens Coach', 'HC', 0.0]"
Attorney Generals,6,10,2,Away,89.66,"['Derek Carr', 'QB', 7.16]","['Aaron Jones', 'RB', 12.0]","['Kalen Ballage', 'RB', 12.7]","['Adam Thielen', 'WR', 18.3]","['Brandon Aiyuk', 'WR', 16.2]","['Mark Andrews', 'TE', 9.6]","['Curtis Samuel', 'RB/WR/TE', 2.7]","['Titans D/ST', 'D/ST', 1.0]","['Raiders Coach', 'HC', 10.0]"
Sausage Brainᴿᴰ,7,10,3,Home,87.18,"['Jared Goff', 'QB', 10.48]","['Kenyan Drake', 'RB', 9.4]","[""D'Andre Swift"", 'RB', 23.4]","['A.J. Brown', 'WR', 2.6]","['Mike Evans', 'WR', 16.7]","['Jimmy Graham', 'TE', 0.0]","['DJ Chark Jr.', 'RB/WR/TE', 7.6]","['Saints D/ST', 'D/ST', 15.0]","['Dolphins Coach', 'HC', 2.0]"
Tub Girl's Tub Scrubbers,5,10,3,Away,101.74,"['Teddy Bridgewater', 'QB', 19.04]","['Dalvin Cook', 'RB', 13.2]","['Duke Johnson', 'RB', 5.4]","['DeAndre Hopkins', 'WR', 22.2]","['Diontae Johnson', 'WR', 20.6]","['Darren Waller', 'TE', 5.2]","['DeVante Parker', 'RB/WR/TE', 4.1]","['Colts D/ST', 'D/ST', 12.0]","['Titans Coach', 'HC', 0.0]"
RIGGED PLAYOFFS!!,1,10,4,Home,60.46,"['Tua Tagovailoa', 'QB', 14.66]","['Leonard Fournette', 'RB', 4.0]","['Jonathan Taylor', 'RB', 4.7]","['Michael Thomas', 'WR', 3.7]","['Brandin Cooks', 'WR', 6.9]","['Mike Gesicki', 'TE', 5.0]","['Justin Jefferson', 'RB/WR/TE', 17.5]","['Giants D/ST', 'D/ST', 4.0]","['Seahawks Coach', 'HC', 0.0]"
INTERGALACTIC SEX-MEN ᴿᴰ,10,10,4,Away,81.42,"['Cam Newton', 'QB', 16.82]","['Miles Sanders', 'RB', 12.5]","['Jerick McKinnon', 'RB', 5.1]","['Tyler Lockett', 'WR', 9.1]","['Chase Claypool', 'WR', 19.3]","['Noah Fant', 'TE', 3.3]","['Allen Robinson II', 'RB/WR/TE', 7.3]","['Packers D/ST', 'D/ST', 7.0]","['Packers Coach', 'HC', 1.0]"
Big Maliggy Style,2,10,5,Home,98.58,"['Justin Herbert', 'QB', 20.48]","['Devin Singletary', 'RB', 1.5]","['Antonio Gibson', 'RB', 20.5]","['Keenan Allen', 'WR', 11.4]","['Stefon Diggs', 'WR', 20.3]","['T.J. Hockenson', 'TE', 2.3]","['Robert Woods', 'RB/WR/TE', 6.1]","['Buccaneers D/ST', 'D/ST', 8.0]","['Buccaneers Coach', 'HC', 8.0]"
Thigpen's Awakening ᴿᴰ,8,10,5,Away,108.9,"['Kyler Murray', 'QB', 29.9]","['Kareem Hunt', 'RB', 14.7]","['Giovani Bernard', 'RB', 6.7]","['JuJu Smith-Schuster', 'WR', 18.2]","['Sterling Shepard', 'WR', 7.7]","['Jonnu Smith', 'TE', 8.5]","['Chase Edmonds', 'RB/WR/TE', 9.2]","['Vikings D/ST', 'D/ST', 12.0]","['Vikings Coach', 'HC', 2.0]"
Big Maliggy Style,2,11,0,Home,117.74,"['Justin Herbert', 'QB', 27.74]","['Antonio Gibson', 'RB', 16.9]","['Ronald Jones II', 'RB', 2.4]","['Robert Woods', 'WR', 24.6]","['Keenan Allen', 'WR', 26.5]","['T.J. Hockenson', 'TE', 8.8]","['Nyheim Hines', 'RB/WR/TE', 6.8]","['Dolphins D/ST', 'D/ST', 4.0]","['Buccaneers Coach', 'HC', 0.0]"
Dumpster Juice,12,11,0,Away,110.14,"['Tom Brady', 'QB', 12.64]","['Derrick Henry', 'RB', 19.7]","['Kerryon Johnson', 'RB', 4.8]","['Cooper Kupp', 'WR', 20.0]","['Antonio Brown', 'WR', 9.8]","['Hunter Henry', 'TE', 12.8]","['Tim Patrick', 'RB/WR/TE', 14.4]","['Steelers D/ST', 'D/ST', 16.0]","['Lions Coach', 'HC', 0.0]"
Sausage Brainᴿᴰ,7,11,1,Home,72.52,"['Joe Burrow', 'QB', 11.32]","['Kenyan Drake', 'RB', 14.0]","['Adrian Peterson', 'RB', 1.8]","['DJ Chark Jr.', 'WR', 6.1]","['Marvin Jones Jr.', 'WR', 7.1]","['Logan Thomas', 'TE', 1.8]","['Mike Evans', 'RB/WR/TE', 13.4]","['Saints D/ST', 'D/ST', 17.0]","['Dolphins Coach', 'HC', 0.0]"
RIGGED PLAYOFFS!!,1,11,1,Away,90.98,"['Ben Roethlisberger', 'QB', 16.68]","['Leonard Fournette', 'RB', 9.1]","['Todd Gurley II', 'RB', 3.4]","['Julio Jones', 'WR', 4.9]","['Brandin Cooks', 'WR', 10.5]","['Mike Gesicki', 'TE', 6.3]","['Justin Jefferson', 'RB/WR/TE', 16.1]","['Browns D/ST', 'D/ST', 22.0]","['Seahawks Coach', 'HC', 2.0]"
Tub Girl's Tub Scrubbers,5,11,2,Home,90.88,"['Matt Ryan', 'QB', 5.28]","['Dalvin Cook', 'RB', 22.5]","['Duke Johnson', 'RB', 5.0]","['DeAndre Hopkins', 'WR', 7.6]","['Diontae Johnson', 'WR', 17.1]","['Darren Waller', 'TE', 18.3]","['Jamison Crowder', 'RB/WR/TE', 2.1]","['Broncos D/ST', 'D/ST', 13.0]","['Patriots Coach', 'HC', 0.0]"
Inhumane Texan Koch’n,9,11,2,Away,96.22,"['Matthew Stafford', 'QB', 7.62]","['Alvin Kamara', 'RB', 10.5]","['Clyde Edwards-Helaire', 'RB', 20.2]","['Davante Adams', 'WR', 20.1]","['Tee Higgins', 'WR', 4.1]","['Rob Gronkowski', 'TE', 3.5]","['Mike Williams', 'RB/WR/TE', 15.2]","['Washington D/ST', 'D/ST', 13.0]","['Chargers Coach', 'HC', 2.0]"
Attorney Generals,6,11,3,Home,140.68,"['Kirk Cousins', 'QB', 22.96]","['Aaron Jones', 'RB', 15.1]","['Kalen Ballage', 'RB', 10.6]","['Adam Thielen', 'WR', 28.3]","['Curtis Samuel', 'WR', 17.4]","['Mark Andrews', 'TE', 18.1]","['Taysom Hill', 'RB/WR/TE', 24.22]","['Titans D/ST', 'D/ST', 3.0]","['Chiefs Coach', 'HC', 1.0]"
The Brussell Wilson Sprouts,11,11,3,Away,112.38,"['Patrick Mahomes', 'QB', 21.52]","['James Conner', 'RB', 11.4]","['Damien Harris', 'RB', 11.9]","['Tyreek Hill', 'WR', 21.5]","['Tyler Boyd', 'WR', 13.0]","['Travis Kelce', 'TE', 22.86]","['Rex Burkhead', 'RB/WR/TE', 2.2]","['Patriots D/ST', 'D/ST', 0.0]","['Steelers Coach', 'HC', 8.0]"
 JNCO JEAN GENIE ,3,11,4,Home,101.64,"['Aaron Rodgers', 'QB', 21.74]","['Mike Davis', 'RB', 14.9]","['Josh Jacobs', 'RB', 12.9]","['Chris Godwin', 'WR', 14.8]","['Terry McLaurin', 'WR', 10.9]","['Greg Olsen', 'TE', 3.0]","['Melvin Gordon III', 'RB/WR/TE', 18.4]","['Packers D/ST', 'D/ST', 5.0]","['Ravens Coach', 'HC', 0.0]"
Thigpen's Awakening ᴿᴰ,8,11,4,Away,75.16,"['Kyler Murray', 'QB', 20.26]","['Ezekiel Elliott', 'RB', 18.4]","['Kareem Hunt', 'RB', 8.6]","['JuJu Smith-Schuster', 'WR', 3.9]","['Calvin Ridley', 'WR', 11.5]","['Hayden Hurst', 'TE', 0.0]","['Giovani Bernard', 'RB/WR/TE', 7.5]","['Vikings D/ST', 'D/ST', 5.0]","['Vikings Coach', 'HC', 0.0]"
Landslide lets  Russell Cook ,4,11,5,Home,106.58,"['Russell Wilson', 'QB', 20.08]","['Nick Chubb', 'RB', 11.4]","['James Robinson', 'RB', 10.4]","['DK Metcalf', 'WR', 12.1]","['Christian Kirk', 'WR', 7.0]","['Eric Ebron', 'TE', 11.6]","['Will Fuller V', 'RB/WR/TE', 11.0]","['Panthers D/ST', 'D/ST', 15.0]","['Panthers Coach', 'HC', 8.0]"
INTERGALACTIC SEX-MEN ᴿᴰ,10,11,5,Away,99.2,"['Cam Newton', 'QB', 19.2]","['Miles Sanders', 'RB', 7.6]","['J.K. Dobbins', 'RB', 17.5]","['Tyler Lockett', 'WR', 17.2]","['Chase Claypool', 'WR', 13.9]","['Noah Fant', 'TE', 7.5]","['Jakobi Meyers', 'RB/WR/TE', 5.3]","['Chargers D/ST', 'D/ST', 11.0]","['Packers Coach', 'HC', 0.0]"
Big Maliggy Style,2,12,0,Home,125.44,"['Justin Herbert', 'QB', 16.44]","['Antonio Gibson', 'RB', 34.1]","['Ronald Jones II', 'RB', 16.8]","['Robert Woods', 'WR', 12.3]","['Keenan Allen', 'WR', 14.0]","['T.J. Hockenson', 'TE', 11.4]","['Stefon Diggs', 'RB/WR/TE', 7.4]","['Dolphins D/ST', 'D/ST', 13.0]","['Buccaneers Coach', 'HC', 0.0]"
RIGGED PLAYOFFS!!,1,12,0,Away,83.08,"['Ryan Fitzpatrick', 'QB', 19.28]","['Leonard Fournette', 'RB', 3.5]","['Jordan Wilkins', 'RB', 7.2]","['Michael Thomas', 'WR', 7.1]","['Brandin Cooks', 'WR', 11.0]","['Mike Gesicki', 'TE', 10.5]","['Justin Jefferson', 'RB/WR/TE', 22.5]","['Browns D/ST', 'D/ST', 0.0]","['Seahawks Coach', 'HC', 2.0]"
 JNCO JEAN GENIE ,3,12,1,Home,108.82,"['Deshaun Watson', 'QB', 33.12]","['Mike Davis', 'RB', 9.4]","['Josh Jacobs', 'RB', 3.9]","['Chris Godwin', 'WR', 13.7]","['Terry McLaurin', 'WR', 12.7]","['Evan Engram', 'TE', 13.9]","['Melvin Gordon III', 'RB/WR/TE', 3.1]","['Packers D/ST', 'D/ST', 15.0]","['Bills Coach', 'HC', 4.0]"
INTERGALACTIC SEX-MEN ᴿᴰ,10,12,1,Away,82.86,"['Cam Newton', 'QB', 3.96]","['Zack Moss', 'RB', 7.8]","['Brian Hill', 'RB', 5.5]","['Allen Robinson II', 'WR', 23.4]","['Tyler Lockett', 'WR', 3.8]","['Robert Tonyan', 'TE', 15.2]","['Miles Sanders', 'RB/WR/TE', 5.2]","['Giants D/ST', 'D/ST', 12.0]","['Packers Coach', 'HC', 6.0]"
Attorney Generals,6,12,2,Home,89.12,"['Taysom Hill', 'QB', 17.52]","['Aaron Jones', 'RB', 9.5]","['Wayne Gallman', 'RB', 16.6]","['T.Y. Hilton', 'WR', 16.1]","['Curtis Samuel', 'WR', 10.2]","['Austin Hooper', 'TE', 8.3]","['Darrell Henderson Jr.', 'RB/WR/TE', 1.9]","['Bengals D/ST', 'D/ST', 8.0]","['Chiefs Coach', 'HC', 1.0]"
Tub Girl's Tub Scrubbers,5,12,2,Away,85.2,"['Matt Ryan', 'QB', 13.9]","['Dalvin Cook', 'RB', 8.2]","['Duke Johnson', 'RB', 15.5]","['DeAndre Hopkins', 'WR', 8.0]","['DeVante Parker', 'WR', 15.9]","['Darren Waller', 'TE', 4.3]","['Austin Ekeler', 'RB/WR/TE', 18.4]","['Colts D/ST', 'D/ST', 1.0]","['Rams Coach', 'HC', 0.0]"
Sausage Brainᴿᴰ,7,12,3,Home,115.64,"['Jared Goff', 'QB', 3.02]","['Kenyan Drake', 'RB', 22.8]","['David Montgomery', 'RB', 22.8]","['Marvin Jones Jr.', 'WR', 7.8]","['Mike Evans', 'WR', 18.5]","['Logan Thomas', 'TE', 11.42]","['Raheem Mostert', 'RB/WR/TE', 9.3]","['Saints D/ST', 'D/ST', 14.0]","['Dolphins Coach', 'HC', 6.0]"
Dumpster Juice,12,12,3,Away,108.2,"['Tom Brady', 'QB', 21.7]","['Derrick Henry', 'RB', 37.5]","['Kerryon Johnson', 'RB', 9.8]","['Cooper Kupp', 'WR', 5.1]","['Antonio Brown', 'WR', 2.1]","['Hunter Henry', 'TE', 10.2]","['Sammy Watkins', 'RB/WR/TE', 5.8]","['Steelers D/ST', 'D/ST', 16.0]","['Lions Coach', 'HC', 0.0]"
Thigpen's Awakening ᴿᴰ,8,12,4,Home,67.2,"['Kyler Murray', 'QB', 7.9]","['Ezekiel Elliott', 'RB', 2.4]","['Kareem Hunt', 'RB', 6.2]","['Calvin Ridley', 'WR', 14.0]","['DJ Moore', 'WR', 8.1]","['Hayden Hurst', 'TE', 6.8]","['Benny Snell Jr.', 'RB/WR/TE', 10.8]","['Seahawks D/ST', 'D/ST', 11.0]","['Colts Coach', 'HC', 0.0]"
Landslide lets  Russell Cook ,4,12,4,Away,151.0,"['Russell Wilson', 'QB', 14.4]","['Nick Chubb', 'RB', 25.1]","['James Robinson', 'RB', 24.4]","['DK Metcalf', 'WR', 22.7]","['Will Fuller V', 'WR', 32.1]","['Eric Ebron', 'TE', 8.9]","['Robby Anderson', 'RB/WR/TE', 17.4]","['Bills D/ST', 'D/ST', 6.0]","['Cardinals Coach', 'HC', 0.0]"
Inhumane Texan Koch’n,9,12,5,Home,92.68,"['Josh Allen', 'QB', 15.48]","['Alvin Kamara', 'RB', 5.7]","['Clyde Edwards-Helaire', 'RB', 4.4]","['Davante Adams', 'WR', 15.1]","['Tee Higgins', 'WR', 12.9]","['Dallas Goedert', 'TE', 17.0]","['Mike Williams', 'RB/WR/TE', 4.1]","['Washington D/ST', 'D/ST', 17.0]","['Browns Coach', 'HC', 1.0]"
The Brussell Wilson Sprouts,11,12,5,Away,146.38,"['Patrick Mahomes', 'QB', 31.28]","['Chris Carson', 'RB', 12.9]","['Damien Harris', 'RB', 4.7]","['Tyreek Hill', 'WR', 51.4]","['Tyler Boyd', 'WR', 3.0]","['Travis Kelce', 'TE', 12.2]","['Keelan Cole Sr.', 'RB/WR/TE', 5.9]","['Rams D/ST', 'D/ST', 15.0]","['Saints Coach', 'HC', 10.0]"
Sausage Brainᴿᴰ,7,13,0,Home,110.94,"['Jared Goff', 'QB', 24.14]","['Raheem Mostert', 'RB', 4.8]","['David Montgomery', 'RB', 25.1]","['A.J. Brown', 'WR', 8.7]","['DJ Chark Jr.', 'WR', 5.1]","['Logan Thomas', 'TE', 20.3]","['Kenyan Drake', 'RB/WR/TE', 12.8]","['Saints D/ST', 'D/ST', 6.0]","['Dolphins Coach', 'HC', 4.0]"
Big Maliggy Style,2,13,0,Away,79.36,"['Justin Herbert', 'QB', 4.36]","['Antonio Gibson', 'RB', 1.4]","['Nyheim Hines', 'RB', 10.7]","['Robert Woods', 'WR', 13.5]","['Keenan Allen', 'WR', 7.3]","['T.J. Hockenson', 'TE', 11.9]","['Stefon Diggs', 'RB/WR/TE', 14.2]","['Dolphins D/ST', 'D/ST', 16.0]","['Buccaneers Coach', 'HC', 0]"
Thigpen's Awakening ᴿᴰ,8,13,1,Home,79.72,"['Kyler Murray', 'QB', 16.42]","['Ezekiel Elliott', 'RB', 11.5]","['Kareem Hunt', 'RB', 7.2]","['Calvin Ridley', 'WR', 13.3]","['Deebo Samuel', 'WR', 10.6]","['Hayden Hurst', 'TE', 1.4]","['JuJu Smith-Schuster', 'RB/WR/TE', 6.3]","['Seahawks D/ST', 'D/ST', 13.0]","['Titans Coach', 'HC', 0.0]"
INTERGALACTIC SEX-MEN ᴿᴰ,10,13,1,Away,88.26,"['Ryan Tannehill', 'QB', 27.56]","['Miles Sanders', 'RB', 3.1]","['J.K. Dobbins', 'RB', 13.1]","['Allen Robinson II', 'WR', 10.5]","['Tyler Lockett', 'WR', 9.3]","['Robert Tonyan', 'TE', 11.9]","['Chase Claypool', 'RB/WR/TE', 4.8]","['Bears D/ST', 'D/ST', 4.0]","['Packers Coach', 'HC', 4.0]"
Attorney Generals,6,13,2,Home,115.38,"['Taysom Hill', 'QB', 23.58]","['Aaron Jones', 'RB', 22.3]","['Myles Gaskin', 'RB', 13.1]","['Adam Thielen', 'WR', 17.5]","['Brandon Aiyuk', 'WR', 18.0]","['Austin Hooper', 'TE', 3.4]","['Wayne Gallman', 'RB/WR/TE', 13.5]","['Bengals D/ST', 'D/ST', 2.0]","['Chiefs Coach', 'HC', 2.0]"
Tub Girl's Tub Scrubbers,5,13,2,Away,128.92,"['Matt Ryan', 'QB', 12.92]","['Dalvin Cook', 'RB', 20.9]","['Austin Ekeler', 'RB', 8.8]","['DeAndre Hopkins', 'WR', 15.2]","['Diontae Johnson', 'WR', 17.1]","['Darren Waller', 'TE', 38.5]","['DeVante Parker', 'RB/WR/TE', 5.5]","['Raiders D/ST', 'D/ST', 9.0]","['Raiders Coach', 'HC', 1.0]"
 JNCO JEAN GENIE ,3,13,3,Home,113.7,"['Aaron Rodgers', 'QB', 23.5]","['Melvin Gordon III', 'RB', 14.7]","['Darrell Henderson Jr.', 'RB', 14.4]","['Terry McLaurin', 'WR', 2.4]","['Corey Davis', 'WR', 29.7]","['Evan Engram', 'TE', 5.2]","['Nelson Agholor', 'RB/WR/TE', 5.8]","['Packers D/ST', 'D/ST', 12.0]","['Ravens Coach', 'HC', 6.0]"
Landslide lets  Russell Cook ,4,13,3,Away,90.52,"['Russell Wilson', 'QB', 15.02]","['Nick Chubb', 'RB', 17.1]","['James Robinson', 'RB', 19.8]","['DK Metcalf', 'WR', 10.5]","['Jerry Jeudy', 'WR', 1.0]","['Eric Ebron', 'TE', 10.3]","['J.D. McKissic', 'RB/WR/TE', 12.8]","['Bills D/ST', 'D/ST', 4.0]","['Cardinals Coach', 'HC', 0.0]"
The Brussell Wilson Sprouts,11,13,4,Home,119.02,"['Patrick Mahomes', 'QB', 19.32]","['Chris Carson', 'RB', 18.5]","['Damien Harris', 'RB', 10.0]","['Tyreek Hill', 'WR', 11.8]","['Tyler Boyd', 'WR', 13.7]","['Travis Kelce', 'TE', 23.6]","['Keke Coutee', 'RB/WR/TE', 18.1]","['Ravens D/ST', 'D/ST', 4.0]","['Steelers Coach', 'HC', 0.0]"
Inhumane Texan Koch’n,9,13,4,Away,124.54,"['Josh Allen', 'QB', 30.1]","['Alvin Kamara', 'RB', 16.7]","['Clyde Edwards-Helaire', 'RB', 0.0]","['Davante Adams', 'WR', 29.1]","['Jarvis Landry', 'WR', 16.44]","['Dallas Goedert', 'TE', 9.1]","['Tee Higgins', 'RB/WR/TE', 8.1]","['Vikings D/ST', 'D/ST', 14.0]","['Vikings Coach', 'HC', 1.0]"
RIGGED PLAYOFFS!!,1,13,5,Home,117.3,"['Ben Roethlisberger', 'QB', 18.2]","['Jonathan Taylor', 'RB', 21.0]","['Devontae Booker', 'RB', 5.6]","['Julio Jones', 'WR', 12.4]","['Brandin Cooks', 'WR', 9.0]","['Mike Gesicki', 'TE', 19.3]","['Justin Jefferson', 'RB/WR/TE', 22.8]","['Browns D/ST', 'D/ST', 9.0]","['Seahawks Coach', 'HC', 0.0]"
Dumpster Juice,12,13,5,Away,60.6,"['Kirk Cousins', 'QB', 21.4]","['David Johnson', 'RB', 10.4]","['Derrick Henry', 'RB', 5.4]","['Cooper Kupp', 'WR', 11.3]","['Sammy Watkins', 'WR', 5.5]","['Hunter Henry', 'TE', 1.0]","['James White', 'RB/WR/TE', 1.6]","['Steelers D/ST', 'D/ST', 3.0]","['Lions Coach', 'HC', 1.0]"
